"No.","Zone Name","Zone Channel Member","A Channel","B Channel"
"1","Simplex","SM0RUX/R|SK0RVF|145.225|145.500|433.500|145.375|433.450","SK0RVF","SK0RVF"
"2","SM0","Arlanda|Botkyrka 1|Botkyrka 2|Brottby 1|Brottby 2|Dalaro|Djuro|Haninge 1|Haninge 2|Haninge 3|Haninge 4|Kista 1|Kista 2|Kista 3|Kista 4|Kista 5|Kista 6|Morko|Norrtalje 1|Norrtalje 2|Nynashamn 1|Nynashamn 2|Rimbo|Sigtuna|Soder|Soderort|Sodertalje 1|Sodertalje 2|Sodertorn|Solna 1|Solna 2|Stockholm 1|Stockholm 2|Stockholm Norr|Taby 1|Taby 2|Tullinge|Tyreso|Upplands Vasby 1|Upplands Vasby 2|Vallentuna|Varmdo|Vastberga 1|Vastberga 2","Arlanda","Botkyrka 1"
"3","SM1","Slite","Slite","Slite"
"4","SM2","Alvsbyn|Arjeplog|Boden|Jorn|Kalix 1|Kalix 2|Kalix 3|Kiruna 1|Kiruna 2|Kiruna 3|Kristineberg|Lulea 1|Lulea 2|Lycksele 1|Lycksele 2|Nordmaling|Pitea 1|Pitea 2|Seskaro|Skelleftea|Sorsele|Storuman 1|Storuman 2|Tarnaby|Umea 1|Umea 2|Vindeln|Vannas 1|Vannas 2","Alvsbyn","Arjeplog"
"5","SM3","Bollnas 1|Bollnas 2|Bollnas 3|Borgsjo|Forsa 1|Forsa 2|Follinge|Gavle 1|Gavle 2|Gavle 3|Hoting|Hudiksvall 1|Hudiksvall 2|Hudiksvall 3|Harnosand|Kramfors|Ljusdal|Nordingra 1|Nordingra 2|Nyland 1|Nyland 2|Sandviken 1|Sandviken 2|Solleftea 1|Solleftea 2|Sundsvall 1|Sundsvall 2|Sundsvall 3|Soderhamn 1|Soderhamn 2|Soderhamn 3|Soderhamn 4|Utanede|Vemdalen|Are|Arsunda|Ornskoldsvik 1|Ornskoldsvik 2|Ornskoldsvik 3|Ostersund","Bollnas 1","Bollnas 2"
"6","SM4","Arvika|Borlange|Falun|Filipstad|Garphyttan|Grums|Hagfors|Karlstad|Kopparberg|Leksand|Lindesberg|Ludvika 1|Ludvika 2|Mora 1|Mora 2|Mora 3|Orsa 1|Orsa 2|Sunne 1|Sunne 2|Torsby|Vansbro 1|Vansbro 2|Vansbro 3|Arjang|Orebro","Arvika","Borlange"
"7","SM5","Arboga 1|Arboga 2|Eskilstuna 1|Eskilstuna 2|Eskilstuna 3|Finspang|Flen 1|Flen 2|Katrineholm|Kisa|Knivsta|Linkoping 1|Linkoping 2|Linkoping 3|Linkoping 4|Linkoping 5|Linkoping 6|Linkoping 7|Ljungsbro|Norrkoping 1|Norrkoping 2|Norrkoping 3|Sala|Trosa|Uppsala 1|Uppsala 2|Uppsala 3|Vingaker|Vasteras 1|Vasteras 2","Arboga 1","Arboga 2"
"8","SM6","Alingsas 1|Alingsas 2|Alingsas 3|Angered 1|Angered 2|Boras 1|Boras 2|Falkenberg|Floda|Goteborg 1|Goteborg 2|Goteborg 3|Goteborg 4|Halmstad 1|Halmstad 2|Kinnekulle 1|Kinnekulle 2|Kortedala|Kungsbacka 1|Kungsbacka 2|Kungshamn|Kungalv 1|Kungalv 2|Kungalv 3|Lidkoping 1|Lunden|Lysekil 1|Lysekil 2|Mariestad|Molndal 1|Molndal 2|Skara|Skene 1|Skene 2|Stenungsund 1|Stenungsund 2|Stromstad|Tanumshede|Tidaholm|Trollhattan|Uddevalla|Ulricehamn 1|Ulricehamn 2|Varberg 1|Varberg 2|Vargarda|Alvangen|Amal|Ockero","Alingsas 1","Alingsas 2"
"9","SM7","Algutsrum 1|Algutsrum 2|Aneby 1|Aneby 2|Bjarnum|Blentarp|Borgholm|Bruzaholm|Boda|Eksjo|Emmaboda|Eslov 1|Eslov 2|Gladsax|Glumsl?v|Gnosjo|Helsingborg 1|Helsingborg 2|Helsingborg 3|Hultsfred|Huskvarna|Hassleholm 1|Hassleholm 2|Jonkoping 1|Jonkoping 2|Karlskrona 1|Karlskrona 2|Kristianstad|Ljungby|Lund 1|Lund 2|Lund 3|Lyby|Lonnsboda|Malmo 1|Morbylanga|Morrum|Nybro|Nassjo 1|Nassjo 2|Nassjo 3|Nassjo 4|Oskarshamn 1|Oskarshamn 2|Simrishamn|Svangsta|Vetlanda 1|Vetlanda 2|Vitaby|Varnamo|Vaxjo|Ystad|Orkelljunga","Algutsrum 1","Algutsrum 2"
